date,name,author,description,image
"September 11, 2022",IT ENDS WITH US,Colleen Hoover,A battered wife raised in a violent home attempts to halt the cycle of abuse.,https://storage.googleapis.com/du-prd/books/images/9781501110375.jpg
"September 11, 2022",VERITY,Colleen Hoover,Lowen Ashleigh is hired by the husband of an injured writer to complete her popular series and uncovers a horrifying truth.,https://storage.googleapis.com/du-prd/books/images/9781791392796.jpg
"September 11, 2022",WHERE THE CRAWDADS SING,Delia Owens,"In a quiet town on the North Carolina coast in 1969, a young woman who survived alone in the marsh becomes a murder suspect.",https://storage.googleapis.com/du-prd/books/images/9780735219090.jpg
"September 11, 2022",LOVE ON THE BRAIN,Ali Hazelwood,Heartbeats quicken and neurons fire when a pair of antagonistic scientists work together on a project.,https://storage.googleapis.com/du-prd/books/images/9780593336847.jpg
"September 11, 2022",SOUL TAKEN,Patricia Briggs,The 13th book in the Mercy Thompson series. The disappearance of the vampire Wulfe and others might indicate the return of the Harvester.,https://storage.googleapis.com/du-prd/books/images/9780440001614.jpg
"September 11, 2022",UGLY LOVE,Colleen Hoover,"Tate Collins and Miles Archer, an airline pilot, think they can handle a no strings attached arrangement. But they can't.",https://storage.googleapis.com/du-prd/books/images/9781476753195.jpg
"September 11, 2022",NOVEMBER 9,Colleen Hoover,Is Ben using his relationship with Fallon as fodder for his novel?,https://storage.googleapis.com/du-prd/books/images/9781501110351.jpg
"September 11, 2022",THE SEVEN HUSBANDS OF EVELYN HUGO,Taylor Jenkins Reid,A movie icon recounts stories of her loves and career to a struggling magazine writer.,https://storage.googleapis.com/du-prd/books/images/9781501161933.jpg
"September 11, 2022","GIRL, FORGOTTEN",Karin Slaughter,U.S. Marshal Andrea Oliver goes to Longbill Beach to protect a judge and winds up investigating a cold case from 1982.,https://storage.googleapis.com/du-prd/books/images/9780062858115.jpg
"September 11, 2022",FOX CREEK,William Kent Krueger,The 19th book in the Cork O’Connor mystery series. Cork uses his skills as a hunter to track mercenaries and confronts his own self-doubt.,https://storage.googleapis.com/du-prd/books/images/9781982128715.jpg
"September 11, 2022",FIRE AND BLOOD,George R.R. Martin,"Set 300 years before the events of “A Game of Thrones,” this is the first volume of the two-part history of the Targaryens in Westeros.",https://storage.googleapis.com/du-prd/books/images/9781524796280.jpg
"September 11, 2022",RUBY FEVER,Ilona Andrews,The sixth book in the Hidden Legacy series.,https://storage.googleapis.com/du-prd/books/images/9780062878403.jpg
"September 11, 2022",ALL GOOD PEOPLE HERE,Ashley Flowers with Alex Kiester,A journalist who returns to her hometown vows to find a missing girl and solve a 20-year-old cold case.,https://storage.googleapis.com/du-prd/books/images/9780593496473.jpg
"September 11, 2022",THE 6:20 MAN,David Baldacci,"When his ex-girlfriend turns up dead in his office building, an entry-level investment analyst delves into the halls of economic power.",https://storage.googleapis.com/du-prd/books/images/9781538719848.jpg
"September 11, 2022",BABEL,R.F. Kuang,"In 1828, Robin Swift studies at Oxford University’s Royal Institute of Translation and faces a choice when Britain pursues a war with China.",https://storage.googleapis.com/du-prd/books/images/9780063021426.jpg
"September 4, 2022",WHERE THE CRAWDADS SING,Delia Owens,"In a quiet town on the North Carolina coast in 1969, a young woman who survived alone in the marsh becomes a murder suspect.",https://storage.googleapis.com/du-prd/books/images/9780735219090.jpg
"September 4, 2022",IT ENDS WITH US,Colleen Hoover,A battered wife raised in a violent home attempts to halt the cycle of abuse.,https://storage.googleapis.com/du-prd/books/images/9781501110375.jpg
"September 4, 2022",VERITY,Colleen Hoover,Lowen Ashleigh is hired by the husband of an injured writer to complete her popular series and uncovers a horrifying truth.,https://storage.googleapis.com/du-prd/books/images/9781791392796.jpg
"September 4, 2022",UGLY LOVE,Colleen Hoover,"Tate Collins and Miles Archer, an airline pilot, think they can handle a no strings attached arrangement. But they can't.",https://storage.googleapis.com/du-prd/books/images/9781476753195.jpg
"September 4, 2022",ALL GOOD PEOPLE HERE,Ashley Flowers with Alex Kiester,A journalist who returns to her hometown vows to find a missing girl and solve a 20-year-old cold case.,https://storage.googleapis.com/du-prd/books/images/9780593496473.jpg
"September 4, 2022",THE SEVEN HUSBANDS OF EVELYN HUGO,Taylor Jenkins Reid,A movie icon recounts stories of her loves and career to a struggling magazine writer.,https://storage.googleapis.com/du-prd/books/images/9781501161933.jpg
"September 4, 2022",NOVEMBER 9,Colleen Hoover,Is Ben using his relationship with Fallon as fodder for his novel?,https://storage.googleapis.com/du-prd/books/images/9781501110351.jpg
"September 4, 2022",THE CHALLENGE,Danielle Steel,Parents of children who have gone missing on a dangerous peak in Montana form a search-and-rescue mission.,https://storage.googleapis.com/du-prd/books/images/9781984821614.jpg
"September 4, 2022",OVERKILL,Sandra Brown,"A former football star falls for a state prosecutor at the same time he must decide whether to kill his ex-wife, who is on life support, to ensnare her attacker.",https://storage.googleapis.com/du-prd/books/images/9781538752012.jpg
"September 4, 2022",ALL YOUR PERFECTS,Colleen Hoover,Quinn and Graham’s marriage depends on past promises.,https://storage.googleapis.com/du-prd/books/images/9781501171604.jpg
"September 4, 2022",BOOK LOVERS,Emily Henry,"While on vacation in North Carolina, a literary agent keeps running into an editor.",https://storage.googleapis.com/du-prd/books/images/9780593334836.jpg
"September 4, 2022",THE 6:20 MAN,David Baldacci,"When his ex-girlfriend turns up dead in his office building, an entry-level investment analyst delves into the halls of economic power.",https://storage.googleapis.com/du-prd/books/images/9781538719848.jpg
"September 4, 2022",CONFESS,Colleen Hoover,A young woman finds herself attracted to an artist with a secret.,https://storage.googleapis.com/du-prd/books/images/9781476791463.jpg
"September 4, 2022",PEOPLE WE MEET ON VACATION,Emily Henry,Opposites Poppy and Alex meet to vacation together one more time in hopes of saving their relationship.,https://storage.googleapis.com/du-prd/books/images/9781984806758.jpg
"September 4, 2022",MAYBE SOMEDAY,Colleen Hoover,"Sydney, a college student, is fascinated by her mysterious next-door neighbor, Ridge.",https://storage.googleapis.com/du-prd/books/images/9781476753171.jpg
"August 28, 2022",WHERE THE CRAWDADS SING,Delia Owens,"In a quiet town on the North Carolina coast in 1969, a young woman who survived alone in the marsh becomes a murder suspect.",https://storage.googleapis.com/du-prd/books/images/9780735219090.jpg
"August 28, 2022",IT ENDS WITH US,Colleen Hoover,A battered wife raised in a violent home attempts to halt the cycle of abuse.,https://storage.googleapis.com/du-prd/books/images/9781501110375.jpg
"August 28, 2022",VERITY,Colleen Hoover,Lowen Ashleigh is hired by the husband of an injured writer to complete her popular series and uncovers a horrifying truth.,https://storage.googleapis.com/du-prd/books/images/9781791392796.jpg
"August 28, 2022",UGLY LOVE,Colleen Hoover,"Tate Collins and Miles Archer, an airline pilot, think they can handle a no strings attached arrangement. But they can't.",https://storage.googleapis.com/du-prd/books/images/9781476753195.jpg
"August 28, 2022",THE SEVEN HUSBANDS OF EVELYN HUGO,Taylor Jenkins Reid,A movie icon recounts stories of her loves and career to a struggling magazine writer.,https://storage.googleapis.com/du-prd/books/images/9781501161933.jpg
"August 28, 2022",NOVEMBER 9,Colleen Hoover,Is Ben using his relationship with Fallon as fodder for his novel?,https://storage.googleapis.com/du-prd/books/images/9781501110351.jpg
"August 28, 2022",ALL YOUR PERFECTS,Colleen Hoover,Quinn and Graham’s marriage depends on past promises.,https://storage.googleapis.com/du-prd/books/images/9781501171604.jpg
"August 28, 2022",THE 6:20 MAN,David Baldacci,"When his ex-girlfriend turns up dead in his office building, an entry-level investment analyst delves into the halls of economic power.",https://storage.googleapis.com/du-prd/books/images/9781538719848.jpg
"August 28, 2022",BOOK LOVERS,Emily Henry,"While on vacation in North Carolina, a literary agent keeps running into an editor.",https://storage.googleapis.com/du-prd/books/images/9780593334836.jpg
"August 28, 2022",EVERY SUMMER AFTER,Carley Fortune,The love story of Percy and Sam is told over the course of six summers and one weekend.,https://storage.googleapis.com/du-prd/books/images/9780593438534.jpg
"August 28, 2022",PEOPLE WE MEET ON VACATION,Emily Henry,Opposites Poppy and Alex meet to vacation together one more time in hopes of saving their relationship.,https://storage.googleapis.com/du-prd/books/images/9781984806758.jpg
"August 28, 2022",HEAT 2,Michael Mann and Meg Gardiner,New adversaries confront returning characters in situations set before and after the events of the film “Heat.”,https://storage.googleapis.com/du-prd/books/images/9780062653314.jpg
"August 28, 2022",THE SILENT PATIENT,Alex Michaelides,Theo Faber looks into the mystery of a famous painter who stops speaking after shooting her husband.,https://storage.googleapis.com/du-prd/books/images/9781250301697.jpg
"August 28, 2022",MAYBE SOMEDAY,Colleen Hoover,"Sydney, a college student, is fascinated by her mysterious next-door neighbor, Ridge.",https://storage.googleapis.com/du-prd/books/images/9781476753171.jpg
"August 28, 2022",THE FAMILY REMAINS,Lisa Jewell,"Mysteries involving a decades-old cold case, a murder in France and a woman’s return to London are connected.",https://storage.googleapis.com/du-prd/books/images/9781982178895.jpg
"August 21, 2022",WHERE THE CRAWDADS SING,Delia Owens,"In a quiet town on the North Carolina coast in 1969, a young woman who survived alone in the marsh becomes a murder suspect.",https://storage.googleapis.com/du-prd/books/images/9780735219090.jpg
"August 21, 2022",IT ENDS WITH US,Colleen Hoover,A battered wife raised in a violent home attempts to halt the cycle of abuse.,https://storage.googleapis.com/du-prd/books/images/9781501110375.jpg
"August 21, 2022",VERITY,Colleen Hoover,Lowen Ashleigh is hired by the husband of an injured writer to complete her popular series and uncovers a horrifying truth.,https://storage.googleapis.com/du-prd/books/images/9781791392796.jpg
"August 21, 2022",UGLY LOVE,Colleen Hoover,"Tate Collins and Miles Archer, an airline pilot, think they can handle a no strings attached arrangement. But they can't.",https://storage.googleapis.com/du-prd/books/images/9781476753195.jpg
"August 21, 2022",THE SEVEN HUSBANDS OF EVELYN HUGO,Taylor Jenkins Reid,A movie icon recounts stories of her loves and career to a struggling magazine writer.,https://storage.googleapis.com/du-prd/books/images/9781501161933.jpg
"August 21, 2022",NOVEMBER 9,Colleen Hoover,Is Ben using his relationship with Fallon as fodder for his novel?,https://storage.googleapis.com/du-prd/books/images/9781501110351.jpg
"August 21, 2022",RECKONING,Catherine Coulter,The 26th book in the F.B.I. thriller series. Savich and Sherlock are enlisted to protect women with traumatic pasts.,https://storage.googleapis.com/du-prd/books/images/9780063004139.jpg
"August 21, 2022",THE 6:20 MAN,David Baldacci,"When his ex-girlfriend turns up dead in his office building, an entry-level investment analyst delves into the halls of economic power.",https://storage.googleapis.com/du-prd/books/images/9781538719848.jpg
"August 21, 2022",EVERY SUMMER AFTER,Carley Fortune,The love story of Percy and Sam is told over the course of six summers and one weekend.,https://storage.googleapis.com/du-prd/books/images/9780593438534.jpg
"August 21, 2022",BLACK DOG,Stuart Woods,The 62nd book in the Stone Barrington series. Stone meets a socialite with ties to a nefarious enemy.,https://storage.googleapis.com/du-prd/books/images/9780593540008.jpg
"August 21, 2022",ALL YOUR PERFECTS,Colleen Hoover,Quinn and Graham’s marriage depends on past promises.,https://storage.googleapis.com/du-prd/books/images/9781501171604.jpg
"August 21, 2022",BOOK LOVERS,Emily Henry,"While on vacation in North Carolina, a literary agent keeps running into an editor.",https://storage.googleapis.com/du-prd/books/images/9780593334836.jpg
"August 21, 2022",PORTRAIT OF AN UNKNOWN WOMAN,Daniel Silva,The 22nd book in the Gabriel Allon series. Allon becomes an art forger to uncover a multibillion-dollar fraud.,https://storage.googleapis.com/du-prd/books/images/9780062834850.jpg
"August 21, 2022",CONFESS,Colleen Hoover,A young woman finds herself attracted to an artist with a secret.,https://storage.googleapis.com/du-prd/books/images/9781476791463.jpg
"August 21, 2022",THE SILENT PATIENT,Alex Michaelides,Theo Faber looks into the mystery of a famous painter who stops speaking after shooting her husband.,https://storage.googleapis.com/du-prd/books/images/9781250301697.jpg
"August 14, 2022",WHERE THE CRAWDADS SING,Delia Owens,"In a quiet town on the North Carolina coast in 1969, a young woman who survived alone in the marsh becomes a murder suspect.",https://storage.googleapis.com/du-prd/books/images/9780735219090.jpg
"August 14, 2022",IT ENDS WITH US,Colleen Hoover,A battered wife raised in a violent home attempts to halt the cycle of abuse.,https://storage.googleapis.com/du-prd/books/images/9781501110375.jpg
"August 14, 2022",VERITY,Colleen Hoover,Lowen Ashleigh is hired by the husband of an injured writer to complete her popular series and uncovers a horrifying truth.,https://storage.googleapis.com/du-prd/books/images/9781791392796.jpg
"August 14, 2022",UGLY LOVE,Colleen Hoover,"Tate Collins and Miles Archer, an airline pilot, think they can handle a no strings attached arrangement. But they can't.",https://storage.googleapis.com/du-prd/books/images/9781476753195.jpg
"August 14, 2022",THE SEVEN HUSBANDS OF EVELYN HUGO,Taylor Jenkins Reid,A movie icon recounts stories of her loves and career to a struggling magazine writer.,https://storage.googleapis.com/du-prd/books/images/9781501161933.jpg
"August 14, 2022",NOVEMBER 9,Colleen Hoover,Is Ben using his relationship with Fallon as fodder for his novel?,https://storage.googleapis.com/du-prd/books/images/9781501110351.jpg
"August 14, 2022",THE 6:20 MAN,David Baldacci,"When his ex-girlfriend turns up dead in his office building, an entry-level investment analyst delves into the halls of economic power.",https://storage.googleapis.com/du-prd/books/images/9781538719848.jpg
"August 14, 2022",BOOK LOVERS,Emily Henry,"While on vacation in North Carolina, a literary agent keeps running into an editor.",https://storage.googleapis.com/du-prd/books/images/9780593334836.jpg
"August 14, 2022",PORTRAIT OF AN UNKNOWN WOMAN,Daniel Silva,The 22nd book in the Gabriel Allon series. Allon becomes an art forger to uncover a multibillion-dollar fraud.,https://storage.googleapis.com/du-prd/books/images/9780062834850.jpg
"August 14, 2022",EVERY SUMMER AFTER,Carley Fortune,The love story of Percy and Sam is told over the course of six summers and one weekend.,https://storage.googleapis.com/du-prd/books/images/9780593438534.jpg
"August 14, 2022",THE HOTEL NANTUCKET,Elin Hilderbrand,The new general manager of a hotel far from its Gilded Age heyday deals with the complicated pasts of her guests and staff.,https://storage.googleapis.com/du-prd/books/images/9780316258678.jpg
"August 14, 2022",ALL YOUR PERFECTS,Colleen Hoover,Quinn and Graham’s marriage depends on past promises.,https://storage.googleapis.com/du-prd/books/images/9781501171604.jpg
"August 14, 2022",THE IT GIRL,Ruth Ware,"A decade after her first year at Oxford, an expectant mother looks into the mystery of her former best friend’s death.",https://storage.googleapis.com/du-prd/books/images/9781982155261.jpg
"August 14, 2022",SHATTERED,James Patterson and James O. Born,"The 14th book in the Michael Bennett series. When an F.B.I. abduction specialist disappears, Bennett goes outside his jurisdiction.",https://storage.googleapis.com/du-prd/books/images/9780316499484.jpg
"August 14, 2022",PEOPLE WE MEET ON VACATION,Emily Henry,Opposites Poppy and Alex meet to vacation together one more time in hopes of saving their relationship.,https://storage.googleapis.com/du-prd/books/images/9781984806758.jpg
"August 7, 2022",WHERE THE CRAWDADS SING,Delia Owens,"In a quiet town on the North Carolina coast in 1969, a young woman who survived alone in the marsh becomes a murder suspect.",https://storage.googleapis.com/du-prd/books/images/9780735219090.jpg
"August 7, 2022",IT ENDS WITH US,Colleen Hoover,A battered wife raised in a violent home attempts to halt the cycle of abuse.,https://storage.googleapis.com/du-prd/books/images/9781501110375.jpg
"August 7, 2022",PORTRAIT OF AN UNKNOWN WOMAN,Daniel Silva,The 22nd book in the Gabriel Allon series. Allon becomes an art forger to uncover a multibillion-dollar fraud.,https://storage.googleapis.com/du-prd/books/images/9780062834850.jpg
"August 7, 2022",VERITY,Colleen Hoover,Lowen Ashleigh is hired by the husband of an injured writer to complete her popular series and uncovers a horrifying truth.,https://storage.googleapis.com/du-prd/books/images/9781791392796.jpg
"August 7, 2022",UGLY LOVE,Colleen Hoover,"Tate Collins and Miles Archer, an airline pilot, think they can handle a no strings attached arrangement. But they can't.",https://storage.googleapis.com/du-prd/books/images/9781476753195.jpg
"August 7, 2022",SHATTERED,James Patterson and James O. Born,"The 14th book in the Michael Bennett series. When an F.B.I. abduction specialist disappears, Bennett goes outside his jurisdiction.",https://storage.googleapis.com/du-prd/books/images/9780316499484.jpg
"August 7, 2022",THE SEVEN HUSBANDS OF EVELYN HUGO,Taylor Jenkins Reid,A movie icon recounts stories of her loves and career to a struggling magazine writer.,https://storage.googleapis.com/du-prd/books/images/9781501161933.jpg
"August 7, 2022",THE 6:20 MAN,David Baldacci,"When his ex-girlfriend turns up dead in his office building, an entry-level investment analyst delves into the halls of economic power.",https://storage.googleapis.com/du-prd/books/images/9781538719848.jpg
"August 7, 2022",NOVEMBER 9,Colleen Hoover,Is Ben using his relationship with Fallon as fodder for his novel?,https://storage.googleapis.com/du-prd/books/images/9781501110351.jpg
"August 7, 2022",THE HOTEL NANTUCKET,Elin Hilderbrand,The new general manager of a hotel far from its Gilded Age heyday deals with the complicated pasts of her guests and staff.,https://storage.googleapis.com/du-prd/books/images/9780316258678.jpg
"August 7, 2022",BOOK LOVERS,Emily Henry,"While on vacation in North Carolina, a literary agent keeps running into an editor.",https://storage.googleapis.com/du-prd/books/images/9780593334836.jpg
"August 7, 2022",EVERY SUMMER AFTER,Carley Fortune,The love story of Percy and Sam is told over the course of six summers and one weekend.,https://storage.googleapis.com/du-prd/books/images/9780593438534.jpg
"August 7, 2022",GRACE UNDER FIRE,Julie Garwood,"The 14th book in the Buchanan, Renard and MacKenna series. Trouble follows Isabel after she acts in self-defense.",https://storage.googleapis.com/du-prd/books/images/9780593546307.jpg
"August 7, 2022",THE IT GIRL,Ruth Ware,"A decade after her first year at Oxford, an expectant mother looks into the mystery of her former best friend’s death.",https://storage.googleapis.com/du-prd/books/images/9781982155261.jpg
"August 7, 2022",ALL YOUR PERFECTS,Colleen Hoover,Quinn and Graham’s marriage depends on past promises.,https://storage.googleapis.com/du-prd/books/images/9781501171604.jpg
"July 31, 2022",WHERE THE CRAWDADS SING,Delia Owens,"In a quiet town on the North Carolina coast in 1969, a young woman who survived alone in the marsh becomes a murder suspect.",https://storage.googleapis.com/du-prd/books/images/9780735219090.jpg
"July 31, 2022",IT ENDS WITH US,Colleen Hoover,A battered wife raised in a violent home attempts to halt the cycle of abuse.,https://storage.googleapis.com/du-prd/books/images/9781501110375.jpg
"July 31, 2022",VERITY,Colleen Hoover,Lowen Ashleigh is hired by the husband of an injured writer to complete her popular series and uncovers a horrifying truth.,https://storage.googleapis.com/du-prd/books/images/9781791392796.jpg
"July 31, 2022",THE 6:20 MAN,David Baldacci,"When his ex-girlfriend turns up dead in his office building, an entry-level investment analyst delves into the halls of economic power.",https://storage.googleapis.com/du-prd/books/images/9781538719848.jpg
"July 31, 2022",UGLY LOVE,Colleen Hoover,"Tate Collins and Miles Archer, an airline pilot, think they can handle a no strings attached arrangement. But they can't.",https://storage.googleapis.com/du-prd/books/images/9781476753195.jpg
"July 31, 2022",THE SEVEN HUSBANDS OF EVELYN HUGO,Taylor Jenkins Reid,A movie icon recounts stories of her loves and career to a struggling magazine writer.,https://storage.googleapis.com/du-prd/books/images/9781501161933.jpg
"July 31, 2022",THE IT GIRL,Ruth Ware,"A decade after her first year at Oxford, an expectant mother looks into the mystery of her former best friend’s death.",https://storage.googleapis.com/du-prd/books/images/9781982155261.jpg
"July 31, 2022",THE HOTEL NANTUCKET,Elin Hilderbrand,The new general manager of a hotel far from its Gilded Age heyday deals with the complicated pasts of her guests and staff.,https://storage.googleapis.com/du-prd/books/images/9780316258678.jpg
"July 31, 2022",NOVEMBER 9,Colleen Hoover,Is Ben using his relationship with Fallon as fodder for his novel?,https://storage.googleapis.com/du-prd/books/images/9781501110351.jpg
"July 31, 2022",BOOK LOVERS,Emily Henry,"While on vacation in North Carolina, a literary agent keeps running into an editor.",https://storage.googleapis.com/du-prd/books/images/9780593334836.jpg
"July 31, 2022",EVERY SUMMER AFTER,Carley Fortune,The love story of Percy and Sam is told over the course of six summers and one weekend.,https://storage.googleapis.com/du-prd/books/images/9780593438534.jpg
"July 31, 2022",PEOPLE WE MEET ON VACATION,Emily Henry,Opposites Poppy and Alex meet to vacation together one more time in hopes of saving their relationship.,https://storage.googleapis.com/du-prd/books/images/9781984806758.jpg
"July 31, 2022",BEACH READ,Emily Henry,A relationship develops between a literary fiction author and a romance novelist as they both try to overcome writer’s block.,https://storage.googleapis.com/du-prd/books/images/9781984806734.jpg
"July 31, 2022",SPARRING PARTNERS,John Grisham,"Three novellas: “Homecoming,” “Strawberry Moon” and “Sparring Partners.”",https://storage.googleapis.com/du-prd/books/images/9780385549325.jpg
"July 31, 2022",RISING TIGER,Brad Thor,The 21st book in the Scot Harvath series. The American spy faces dangers on a mission in an unfamiliar culture.,https://storage.googleapis.com/du-prd/books/images/9781982182151.jpg
"July 24, 2022",WHERE THE CRAWDADS SING,Delia Owens,"In a quiet town on the North Carolina coast in 1969, a young woman who survived alone in the marsh becomes a murder suspect.",https://storage.googleapis.com/du-prd/books/images/9780735219090.jpg
"July 24, 2022",IT ENDS WITH US,Colleen Hoover,A battered wife raised in a violent home attempts to halt the cycle of abuse.,https://storage.googleapis.com/du-prd/books/images/9781501110375.jpg
"July 24, 2022",VERITY,Colleen Hoover,Lowen Ashleigh is hired by the husband of an injured writer to complete her popular series and uncovers a horrifying truth.,https://storage.googleapis.com/du-prd/books/images/9781791392796.jpg
"July 24, 2022",RISING TIGER,Brad Thor,The 21st book in the Scot Harvath series. The American spy faces dangers on a mission in an unfamiliar culture.,https://storage.googleapis.com/du-prd/books/images/9781982182151.jpg
"July 24, 2022",UGLY LOVE,Colleen Hoover,"Tate Collins and Miles Archer, an airline pilot, think they can handle a no strings attached arrangement. But they can't.",https://storage.googleapis.com/du-prd/books/images/9781476753195.jpg
"July 24, 2022",THE SEVEN HUSBANDS OF EVELYN HUGO,Taylor Jenkins Reid,A movie icon recounts stories of her loves and career to a struggling magazine writer.,https://storage.googleapis.com/du-prd/books/images/9781501161933.jpg
"July 24, 2022",THE HOTEL NANTUCKET,Elin Hilderbrand,The new general manager of a hotel far from its Gilded Age heyday deals with the complicated pasts of her guests and staff.,https://storage.googleapis.com/du-prd/books/images/9780316258678.jpg
"July 24, 2022",BOOK LOVERS,Emily Henry,"While on vacation in North Carolina, a literary agent keeps running into an editor.",https://storage.googleapis.com/du-prd/books/images/9780593334836.jpg
"July 24, 2022",NOVEMBER 9,Colleen Hoover,Is Ben using his relationship with Fallon as fodder for his novel?,https://storage.googleapis.com/du-prd/books/images/9781501110351.jpg
"July 24, 2022",EVERY SUMMER AFTER,Carley Fortune,The love story of Percy and Sam is told over the course of six summers and one weekend.,https://storage.googleapis.com/du-prd/books/images/9780593438534.jpg
"July 24, 2022",SPARRING PARTNERS,John Grisham,"Three novellas: “Homecoming,” “Strawberry Moon” and “Sparring Partners.”",https://storage.googleapis.com/du-prd/books/images/9780385549325.jpg
"July 24, 2022",PEOPLE WE MEET ON VACATION,Emily Henry,Opposites Poppy and Alex meet to vacation together one more time in hopes of saving their relationship.,https://storage.googleapis.com/du-prd/books/images/9781984806758.jpg
"July 24, 2022","TOMORROW, AND TOMORROW, AND TOMORROW",Gabrielle Zevin,Two friends find their partnership challenged in the world of video game design.,https://storage.googleapis.com/du-prd/books/images/9780593321201.jpg
"July 24, 2022",BEACH READ,Emily Henry,A relationship develops between a literary fiction author and a romance novelist as they both try to overcome writer’s block.,https://storage.googleapis.com/du-prd/books/images/9781984806734.jpg
"July 24, 2022","COLD, COLD BONES",Kathy Reichs,The 21st book in the Temperance Brennan series. Newly discovered killings resemble ones the forensic anthropologist encountered earlier in her career.,https://storage.googleapis.com/du-prd/books/images/9781982190040.jpg
"July 17, 2022",WHERE THE CRAWDADS SING,Delia Owens,"In a quiet town on the North Carolina coast in 1969, a young woman who survived alone in the marsh becomes a murder suspect.",https://storage.googleapis.com/du-prd/books/images/9780735219090.jpg
"July 17, 2022",IT ENDS WITH US,Colleen Hoover,A battered wife raised in a violent home attempts to halt the cycle of abuse.,https://storage.googleapis.com/du-prd/books/images/9781501110375.jpg
"July 17, 2022",VERITY,Colleen Hoover,Lowen Ashleigh is hired by the husband of an injured writer to complete her popular series and uncovers a horrifying truth.,https://storage.googleapis.com/du-prd/books/images/9781791392796.jpg
"July 17, 2022",UGLY LOVE,Colleen Hoover,"Tate Collins and Miles Archer, an airline pilot, think they can handle a no strings attached arrangement. But they can't.",https://storage.googleapis.com/du-prd/books/images/9781476753195.jpg
"July 17, 2022",THE HOTEL NANTUCKET,Elin Hilderbrand,The new general manager of a hotel far from its Gilded Age heyday deals with the complicated pasts of her guests and staff.,https://storage.googleapis.com/du-prd/books/images/9780316258678.jpg
"July 17, 2022",THE SEVEN HUSBANDS OF EVELYN HUGO,Taylor Jenkins Reid,A movie icon recounts stories of her loves and career to a struggling magazine writer.,https://storage.googleapis.com/du-prd/books/images/9781501161933.jpg
"July 17, 2022",SUSPECTS,Danielle Steel,A C.I.A. agent on a covert mission develops a relationship with a woman who is considered fashion royalty and has a tragic past.,https://storage.googleapis.com/du-prd/books/images/9781984821676.jpg
"July 17, 2022",BOOK LOVERS,Emily Henry,"While on vacation in North Carolina, a literary agent keeps running into an editor.",https://storage.googleapis.com/du-prd/books/images/9780593334836.jpg
"July 17, 2022",NOVEMBER 9,Colleen Hoover,Is Ben using his relationship with Fallon as fodder for his novel?,https://storage.googleapis.com/du-prd/books/images/9781501110351.jpg
"July 17, 2022",SPARRING PARTNERS,John Grisham,"Three novellas: “Homecoming,” “Strawberry Moon” and “Sparring Partners.”",https://storage.googleapis.com/du-prd/books/images/9780385549325.jpg
"July 17, 2022",EVERY SUMMER AFTER,Carley Fortune,The love story of Percy and Sam is told over the course of six summers and one weekend.,https://storage.googleapis.com/du-prd/books/images/9780593438534.jpg
"July 17, 2022",PEOPLE WE MEET ON VACATION,Emily Henry,Opposites Poppy and Alex meet to vacation together one more time in hopes of saving their relationship.,https://storage.googleapis.com/du-prd/books/images/9781984806758.jpg
"July 17, 2022",BEACH READ,Emily Henry,A relationship develops between a literary fiction author and a romance novelist as they both try to overcome writer’s block.,https://storage.googleapis.com/du-prd/books/images/9781984806734.jpg
"July 17, 2022",ALL YOUR PERFECTS,Colleen Hoover,Quinn and Graham’s marriage depends on past promises.,https://storage.googleapis.com/du-prd/books/images/9781501171604.jpg
"July 17, 2022",MALIBU RISING,Taylor Jenkins Reid,An epic party has serious outcomes for four famous siblings.,https://storage.googleapis.com/du-prd/books/images/9781524798659.jpg
"July 10, 2022",WHERE THE CRAWDADS SING,Delia Owens,"In a quiet town on the North Carolina coast in 1969, a young woman who survived alone in the marsh becomes a murder suspect.",https://storage.googleapis.com/du-prd/books/images/9780735219090.jpg
"July 10, 2022",IT ENDS WITH US,Colleen Hoover,A battered wife raised in a violent home attempts to halt the cycle of abuse.,https://storage.googleapis.com/du-prd/books/images/9781501110375.jpg
"July 10, 2022",VERITY,Colleen Hoover,Lowen Ashleigh is hired by the husband of an injured writer to complete her popular series and uncovers a horrifying truth.,https://storage.googleapis.com/du-prd/books/images/9781791392796.jpg
"July 10, 2022",THE HOTEL NANTUCKET,Elin Hilderbrand,The new general manager of a hotel far from its Gilded Age heyday deals with the complicated pasts of her guests and staff.,https://storage.googleapis.com/du-prd/books/images/9780316258678.jpg
"July 10, 2022",UGLY LOVE,Colleen Hoover,"Tate Collins and Miles Archer, an airline pilot, think they can handle a no strings attached arrangement. But they can't.",https://storage.googleapis.com/du-prd/books/images/9781476753195.jpg
"July 10, 2022",THE SEVEN HUSBANDS OF EVELYN HUGO,Taylor Jenkins Reid,A movie icon recounts stories of her loves and career to a struggling magazine writer.,https://storage.googleapis.com/du-prd/books/images/9781501161933.jpg
"July 10, 2022",SPARRING PARTNERS,John Grisham,"Three novellas: “Homecoming,” “Strawberry Moon” and “Sparring Partners.”",https://storage.googleapis.com/du-prd/books/images/9780385549325.jpg
"July 10, 2022",BOOK LOVERS,Emily Henry,"While on vacation in North Carolina, a literary agent keeps running into an editor.",https://storage.googleapis.com/du-prd/books/images/9780593334836.jpg
"July 10, 2022",ESCAPE,James Patterson and David Ellis,The third book in the Billy Harney thriller series. Detective Harney goes after a billionaire crime boss and a prison escape artist.,https://storage.googleapis.com/du-prd/books/images/9780316499446.jpg
"July 10, 2022",THE HOUSE ACROSS THE LAKE,Riley Sager,An actress escaping bad press goes to a Vermont lake house and uncovers secrets within a neighboring couple’s marriage.,https://storage.googleapis.com/du-prd/books/images/9780593183199.jpg
"July 10, 2022",NOVEMBER 9,Colleen Hoover,Is Ben using his relationship with Fallon as fodder for his novel?,https://storage.googleapis.com/du-prd/books/images/9781501110351.jpg
"July 10, 2022",PEOPLE WE MEET ON VACATION,Emily Henry,Opposites Poppy and Alex meet to vacation together one more time in hopes of saving their relationship.,https://storage.googleapis.com/du-prd/books/images/9781984806758.jpg
"July 10, 2022",EVERY SUMMER AFTER,Carley Fortune,The love story of Percy and Sam is told over the course of six summers and one weekend.,https://storage.googleapis.com/du-prd/books/images/9780593438534.jpg
"July 10, 2022",BEACH READ,Emily Henry,A relationship develops between a literary fiction author and a romance novelist as they both try to overcome writer’s block.,https://storage.googleapis.com/du-prd/books/images/9781984806734.jpg
"July 10, 2022",MALIBU RISING,Taylor Jenkins Reid,An epic party has serious outcomes for four famous siblings.,https://storage.googleapis.com/du-prd/books/images/9781524798659.jpg
"July 3, 2022",THE HOTEL NANTUCKET,Elin Hilderbrand,The new general manager of a hotel far from its Gilded Age heyday deals with the complicated pasts of her guests and staff.,https://storage.googleapis.com/du-prd/books/images/9780316258678.jpg
"July 3, 2022",IT ENDS WITH US,Colleen Hoover,A battered wife raised in a violent home attempts to halt the cycle of abuse.,https://storage.googleapis.com/du-prd/books/images/9781501110375.jpg
"July 3, 2022",VERITY,Colleen Hoover,Lowen Ashleigh is hired by the husband of an injured writer to complete her popular series and uncovers a horrifying truth.,https://storage.googleapis.com/du-prd/books/images/9781791392796.jpg
"July 3, 2022",WHERE THE CRAWDADS SING,Delia Owens,"In a quiet town on the North Carolina coast in 1969, a young woman who survived alone in the marsh becomes a murder suspect.",https://storage.googleapis.com/du-prd/books/images/9780735219090.jpg
"July 3, 2022",SPARRING PARTNERS,John Grisham,"Three novellas: “Homecoming,” “Strawberry Moon” and “Sparring Partners.”",https://storage.googleapis.com/du-prd/books/images/9780385549325.jpg
"July 3, 2022",UGLY LOVE,Colleen Hoover,"Tate Collins and Miles Archer, an airline pilot, think they can handle a no strings attached arrangement. But they can't.",https://storage.googleapis.com/du-prd/books/images/9781476753195.jpg
"July 3, 2022",THE SEVEN HUSBANDS OF EVELYN HUGO,Taylor Jenkins Reid,A movie icon recounts stories of her loves and career to a struggling magazine writer.,https://storage.googleapis.com/du-prd/books/images/9781501161933.jpg
"July 3, 2022",BOOK LOVERS,Emily Henry,"While on vacation in North Carolina, a literary agent keeps running into an editor.",https://storage.googleapis.com/du-prd/books/images/9780593334836.jpg
"July 3, 2022",PEOPLE WE MEET ON VACATION,Emily Henry,Opposites Poppy and Alex meet to vacation together one more time in hopes of saving their relationship.,https://storage.googleapis.com/du-prd/books/images/9781984806758.jpg
"July 3, 2022",NOVEMBER 9,Colleen Hoover,Is Ben using his relationship with Fallon as fodder for his novel?,https://storage.googleapis.com/du-prd/books/images/9781501110351.jpg
"July 3, 2022",ALL YOUR PERFECTS,Colleen Hoover,Quinn and Graham’s marriage depends on past promises.,https://storage.googleapis.com/du-prd/books/images/9781501171604.jpg
"July 3, 2022",HORSE,Geraldine Brooks,"The story of a racehorse, an enslaved groom and an itinerant painter reverberates in three different eras.",https://storage.googleapis.com/du-prd/books/images/9780399562969.jpg
"July 3, 2022",BEACH READ,Emily Henry,A relationship develops between a literary fiction author and a romance novelist as they both try to overcome writer’s block.,https://storage.googleapis.com/du-prd/books/images/9781984806734.jpg
"July 3, 2022",EVERY SUMMER AFTER,Carley Fortune,The love story of Percy and Sam is told over the course of six summers and one weekend.,https://storage.googleapis.com/du-prd/books/images/9780593438534.jpg
"July 3, 2022",MALIBU RISING,Taylor Jenkins Reid,An epic party has serious outcomes for four famous siblings.,https://storage.googleapis.com/du-prd/books/images/9781524798659.jpg
"June 26, 2022",IT ENDS WITH US,Colleen Hoover,A battered wife raised in a violent home attempts to halt the cycle of abuse.,https://storage.googleapis.com/du-prd/books/images/9781501110375.jpg
"June 26, 2022",SPARRING PARTNERS,John Grisham,"Three novellas: “Homecoming,” “Strawberry Moon” and “Sparring Partners.”",https://storage.googleapis.com/du-prd/books/images/9780385549325.jpg
"June 26, 2022",WHERE THE CRAWDADS SING,Delia Owens,"In a quiet town on the North Carolina coast in 1969, a young woman who survived alone in the marsh becomes a murder suspect.",https://storage.googleapis.com/du-prd/books/images/9780735219090.jpg
"June 26, 2022",VERITY,Colleen Hoover,Lowen Ashleigh is hired by the husband of an injured writer to complete her popular series and uncovers a horrifying truth.,https://storage.googleapis.com/du-prd/books/images/9781791392796.jpg
"June 26, 2022",BOOK LOVERS,Emily Henry,"While on vacation in North Carolina, a literary agent keeps running into an editor.",https://storage.googleapis.com/du-prd/books/images/9780593334836.jpg
"June 26, 2022",THE SEVEN HUSBANDS OF EVELYN HUGO,Taylor Jenkins Reid,A movie icon recounts stories of her loves and career to a struggling magazine writer.,https://storage.googleapis.com/du-prd/books/images/9781501161933.jpg
"June 26, 2022",UGLY LOVE,Colleen Hoover,"Tate Collins and Miles Archer, an airline pilot, think they can handle a no strings attached arrangement. But they can't.",https://storage.googleapis.com/du-prd/books/images/9781476753195.jpg
"June 26, 2022",TOM CLANCY: ZERO HOUR,Don Bentley,Jack Ryan Jr. appears to be the only person who can stop a second Korean war.,https://storage.googleapis.com/du-prd/books/images/9780593422724.jpg
"June 26, 2022",THE OMEGA FACTOR,Steve Berry,"The UNESCO investigator Nick Lee winds up on the trail of a panel from the Ghent Altarpiece, which was stolen in 1934.",https://storage.googleapis.com/du-prd/books/images/9781538720943.jpg
"June 26, 2022",NOVEMBER 9,Colleen Hoover,Is Ben using his relationship with Fallon as fodder for his novel?,https://storage.googleapis.com/du-prd/books/images/9781501110351.jpg
"June 26, 2022",PEOPLE WE MEET ON VACATION,Emily Henry,Opposites Poppy and Alex meet to vacation together one more time in hopes of saving their relationship.,https://storage.googleapis.com/du-prd/books/images/9781984806758.jpg
"June 26, 2022",NIGHTWORK,Nora Roberts,"Harry Booth, a master thief, breaks things off with Miranda when a dangerous contact might harm her.",https://storage.googleapis.com/du-prd/books/images/9781250278197.jpg
"June 26, 2022",MEANT TO BE,Emily Giffin,"Joe, the disappointing scion of a family considered American royalty, and Cate, a budding model seeking to escape her surroundings, find each other.",https://storage.googleapis.com/du-prd/books/images/9780425286647.jpg
"June 26, 2022",BEACH READ,Emily Henry,A relationship develops between a literary fiction author and a romance novelist as they both try to overcome writer’s block.,https://storage.googleapis.com/du-prd/books/images/9781984806734.jpg
"June 26, 2022",WICKED BEAUTY,Katee Robert,The third book in the Dark Olympus series. Achilles and Patroclus compete for power and Helen’s affection.,https://storage.googleapis.com/du-prd/books/images/9781728231792.jpg
"June 19, 2022",SPARRING PARTNERS,John Grisham,"Three novellas: “Homecoming,” “Strawberry Moon” and “Sparring Partners.”",https://storage.googleapis.com/du-prd/books/images/9780385549325.jpg
"June 19, 2022",IT ENDS WITH US,Colleen Hoover,A battered wife raised in a violent home attempts to halt the cycle of abuse.,https://storage.googleapis.com/du-prd/books/images/9781501110375.jpg
"June 19, 2022",WHERE THE CRAWDADS SING,Delia Owens,"In a quiet town on the North Carolina coast in 1969, a young woman who survived alone in the marsh becomes a murder suspect.",https://storage.googleapis.com/du-prd/books/images/9780735219090.jpg
"June 19, 2022",BOOK LOVERS,Emily Henry,"While on vacation in North Carolina, a literary agent keeps running into an editor.",https://storage.googleapis.com/du-prd/books/images/9780593334836.jpg
"June 19, 2022",VERITY,Colleen Hoover,Lowen Ashleigh is hired by the husband of an injured writer to complete her popular series and uncovers a horrifying truth.,https://storage.googleapis.com/du-prd/books/images/9781791392796.jpg
"June 19, 2022",THE SEVEN HUSBANDS OF EVELYN HUGO,Taylor Jenkins Reid,A movie icon recounts stories of her loves and career to a struggling magazine writer.,https://storage.googleapis.com/du-prd/books/images/9781501161933.jpg
"June 19, 2022",MEANT TO BE,Emily Giffin,"Joe, the disappointing scion of a family considered American royalty, and Cate, a budding model seeking to escape her surroundings, find each other.",https://storage.googleapis.com/du-prd/books/images/9780425286647.jpg
"June 19, 2022",UGLY LOVE,Colleen Hoover,"Tate Collins and Miles Archer, an airline pilot, think they can handle a no strings attached arrangement. But they can't.",https://storage.googleapis.com/du-prd/books/images/9781476753195.jpg
"June 19, 2022",NIGHTWORK,Nora Roberts,"Harry Booth, a master thief, breaks things off with Miranda when a dangerous contact might harm her.",https://storage.googleapis.com/du-prd/books/images/9781250278197.jpg
"June 19, 2022",THE BOARDWALK BOOKSHOP,Susan Mallery,"Three strangers who open a business that is part bookstore, bakery and gift shop develop a friendship.",https://storage.googleapis.com/du-prd/books/images/9780778386087.jpg
"June 19, 2022",PEOPLE WE MEET ON VACATION,Emily Henry,Opposites Poppy and Alex meet to vacation together one more time in hopes of saving their relationship.,https://storage.googleapis.com/du-prd/books/images/9781984806758.jpg
"June 19, 2022",NOVEMBER 9,Colleen Hoover,Is Ben using his relationship with Fallon as fodder for his novel?,https://storage.googleapis.com/du-prd/books/images/9781501110351.jpg
"June 19, 2022",BEACH READ,Emily Henry,A relationship develops between a literary fiction author and a romance novelist as they both try to overcome writer’s block.,https://storage.googleapis.com/du-prd/books/images/9781984806734.jpg
"June 19, 2022",ALL YOUR PERFECTS,Colleen Hoover,Quinn and Graham’s marriage depends on past promises.,https://storage.googleapis.com/du-prd/books/images/9781501171604.jpg
"June 19, 2022",MALIBU RISING,Taylor Jenkins Reid,An epic party has serious outcomes for four famous siblings.,https://storage.googleapis.com/du-prd/books/images/9781524798659.jpg
"June 12, 2022",NIGHTWORK,Nora Roberts,"Harry Booth, a master thief, breaks things off with Miranda when a dangerous contact might harm her.",https://storage.googleapis.com/du-prd/books/images/9781250278197.jpg
"June 12, 2022",WHERE THE CRAWDADS SING,Delia Owens,"In a quiet town on the North Carolina coast in 1969, a young woman who survived alone in the marsh becomes a murder suspect.",https://storage.googleapis.com/du-prd/books/images/9780735219090.jpg
"June 12, 2022",IT ENDS WITH US,Colleen Hoover,A battered wife raised in a violent home attempts to halt the cycle of abuse.,https://storage.googleapis.com/du-prd/books/images/9781501110375.jpg
"June 12, 2022",BOOK LOVERS,Emily Henry,"While on vacation in North Carolina, a literary agent keeps running into an editor.",https://storage.googleapis.com/du-prd/books/images/9780593334836.jpg
"June 12, 2022",VERITY,Colleen Hoover,Lowen Ashleigh is hired by the husband of an injured writer to complete her popular series and uncovers a horrifying truth.,https://storage.googleapis.com/du-prd/books/images/9781791392796.jpg
"June 12, 2022",THE SEVEN HUSBANDS OF EVELYN HUGO,Taylor Jenkins Reid,A movie icon recounts stories of her loves and career to a struggling magazine writer.,https://storage.googleapis.com/du-prd/books/images/9781501161933.jpg
"June 12, 2022",UGLY LOVE,Colleen Hoover,"Tate Collins and Miles Archer, an airline pilot, think they can handle a no strings attached arrangement. But they can't.",https://storage.googleapis.com/du-prd/books/images/9781476753195.jpg
"June 12, 2022",CLIVE CUSSLER'S DARK VECTOR,Graham Brown,The 19th book in the NUMA Files series. A search for lost treasure puts Kurt Austin and Joe Zavala in the middle of a cyber-war.,https://storage.googleapis.com/du-prd/books/images/9780593419670.jpg
"June 12, 2022",PEOPLE WE MEET ON VACATION,Emily Henry,Opposites Poppy and Alex meet to vacation together one more time in hopes of saving their relationship.,https://storage.googleapis.com/du-prd/books/images/9781984806758.jpg
"June 12, 2022",NOVEMBER 9,Colleen Hoover,Is Ben using his relationship with Fallon as fodder for his novel?,https://storage.googleapis.com/du-prd/books/images/9781501110351.jpg
"June 12, 2022",22 SECONDS,James Patterson and Maxine Paetro,The 22nd book in the Women’s Murder Club series. Lindsay Boxer returns as word gets around about a shipment of drugs and weapons.,https://storage.googleapis.com/du-prd/books/images/9780316499378.jpg
"June 12, 2022",THE SUMMER PLACE,Jennifer Weiner,A wedding between Ruby Danhauser and her pandemic boyfriend at a family beach house in Cape Cod brings to light family secrets.,https://storage.googleapis.com/du-prd/books/images/9781501133572.jpg
"June 12, 2022",MALIBU RISING,Taylor Jenkins Reid,An epic party has serious outcomes for four famous siblings.,https://storage.googleapis.com/du-prd/books/images/9781524798659.jpg
"June 12, 2022",TWO NIGHTS IN LISBON,Chris Pavone,Questions arise when Ariel Pryce’s new husband goes missing.,https://storage.googleapis.com/du-prd/books/images/9780374604769.jpg
"June 12, 2022",DREAM TOWN,David Baldacci,"The third book in the Archer series. Archer, Dash and Callahan search for a missing screenwriter who had a dead body turn up in her home.",https://storage.googleapis.com/du-prd/books/images/9781538719770.jpg
"June 5, 2022",IN THE BLOOD,Jack Carr,The fifth book in the Terminal List series. James Reece goes after the killer of a Mossad operative attached to the C.I.A.,https://storage.googleapis.com/du-prd/books/images/9781982181659.jpg
"June 5, 2022",BOOK LOVERS,Emily Henry,"While on vacation in North Carolina, a literary agent keeps running into an editor.",https://storage.googleapis.com/du-prd/books/images/9780593334836.jpg
"June 5, 2022",IT ENDS WITH US,Colleen Hoover,A battered wife raised in a violent home attempts to halt the cycle of abuse.,https://storage.googleapis.com/du-prd/books/images/9781501110375.jpg
"June 5, 2022",WHERE THE CRAWDADS SING,Delia Owens,"In a quiet town on the North Carolina coast in 1969, a young woman who survived alone in the marsh becomes a murder suspect.",https://storage.googleapis.com/du-prd/books/images/9780735219090.jpg
"June 5, 2022",VERITY,Colleen Hoover,Lowen Ashleigh is hired by the husband of an injured writer to complete her popular series and uncovers a horrifying truth.,https://storage.googleapis.com/du-prd/books/images/9781791392796.jpg
"June 5, 2022",THE SEVEN HUSBANDS OF EVELYN HUGO,Taylor Jenkins Reid,A movie icon recounts stories of her loves and career to a struggling magazine writer.,https://storage.googleapis.com/du-prd/books/images/9781501161933.jpg
"June 5, 2022",UGLY LOVE,Colleen Hoover,"Tate Collins and Miles Archer, an airline pilot, think they can handle a no strings attached arrangement. But they can't.",https://storage.googleapis.com/du-prd/books/images/9781476753195.jpg
"June 5, 2022",22 SECONDS,James Patterson and Maxine Paetro,The 22nd book in the Women’s Murder Club series. Lindsay Boxer returns as word gets around about a shipment of drugs and weapons.,https://storage.googleapis.com/du-prd/books/images/9780316499378.jpg
"June 5, 2022",THIS TIME TOMORROW,Emma Straub,A 40-year-old woman finds new meaning in past events when she goes back in time and relives her 16th birthday in 1996.,https://storage.googleapis.com/du-prd/books/images/9780525539001.jpg
"June 5, 2022",PEOPLE WE MEET ON VACATION,Emily Henry,Opposites Poppy and Alex meet to vacation together one more time in hopes of saving their relationship.,https://storage.googleapis.com/du-prd/books/images/9781984806758.jpg
"June 5, 2022",SOMETHING WILDER,Christina Lauren,Lily and Leo must decide how much they will risk in pursuit of love and treasure in the red rock canyons of Utah.,https://storage.googleapis.com/du-prd/books/images/9781982173401.jpg
"June 5, 2022",DREAM TOWN,David Baldacci,"The third book in the Archer series. Archer, Dash and Callahan search for a missing screenwriter who had a dead body turn up in her home.",https://storage.googleapis.com/du-prd/books/images/9781538719770.jpg
"June 5, 2022",THE SUMMER PLACE,Jennifer Weiner,A wedding between Ruby Danhauser and her pandemic boyfriend at a family beach house in Cape Cod brings to light family secrets.,https://storage.googleapis.com/du-prd/books/images/9781501133572.jpg
"June 5, 2022",MALIBU RISING,Taylor Jenkins Reid,An epic party has serious outcomes for four famous siblings.,https://storage.googleapis.com/du-prd/books/images/9781524798659.jpg
"June 5, 2022",BETTER OFF DEAD,Lee Child and Andrew Child,The 26th book in the Jack Reacher series. Reacher helps an F.B.I. agent look for her missing brother and takes on a foe named Dendoncker.,https://storage.googleapis.com/du-prd/books/images/9781984818508.jpg
"May 29, 2022",BOOK LOVERS,Emily Henry,"While on vacation in North Carolina, a literary agent keeps running into an editor.",https://storage.googleapis.com/du-prd/books/images/9780593334836.jpg
"May 29, 2022",IT ENDS WITH US,Colleen Hoover,A battered wife raised in a violent home attempts to halt the cycle of abuse.,https://storage.googleapis.com/du-prd/books/images/9781501110375.jpg
"May 29, 2022",22 SECONDS,James Patterson and Maxine Paetro,The 22nd book in the Women’s Murder Club series. Lindsay Boxer returns as word gets around about a shipment of drugs and weapons.,https://storage.googleapis.com/du-prd/books/images/9780316499378.jpg
"May 29, 2022",THE SUMMER PLACE,Jennifer Weiner,A wedding between Ruby Danhauser and her pandemic boyfriend at a family beach house in Cape Cod brings to light family secrets.,https://storage.googleapis.com/du-prd/books/images/9781501133572.jpg
"May 29, 2022",WHERE THE CRAWDADS SING,Delia Owens,"In a quiet town on the North Carolina coast in 1969, a young woman who survived alone in the marsh becomes a murder suspect.",https://storage.googleapis.com/du-prd/books/images/9780735219090.jpg
"May 29, 2022",VERITY,Colleen Hoover,Lowen Ashleigh is hired by the husband of an injured writer to complete her popular series and uncovers a horrifying truth.,https://storage.googleapis.com/du-prd/books/images/9781791392796.jpg
"May 29, 2022",THE SEVEN HUSBANDS OF EVELYN HUGO,Taylor Jenkins Reid,A movie icon recounts stories of her loves and career to a struggling magazine writer.,https://storage.googleapis.com/du-prd/books/images/9781501161933.jpg
"May 29, 2022",BETTER OFF DEAD,Lee Child and Andrew Child,The 26th book in the Jack Reacher series. Reacher helps an F.B.I. agent look for her missing brother and takes on a foe named Dendoncker.,https://storage.googleapis.com/du-prd/books/images/9781984818508.jpg
"May 29, 2022",UGLY LOVE,Colleen Hoover,"Tate Collins and Miles Archer, an airline pilot, think they can handle a no strings attached arrangement. But they can't.",https://storage.googleapis.com/du-prd/books/images/9781476753195.jpg
"May 29, 2022",DREAM TOWN,David Baldacci,"The third book in the Archer series. Archer, Dash and Callahan search for a missing screenwriter who had a dead body turn up in her home.",https://storage.googleapis.com/du-prd/books/images/9781538719770.jpg
"May 29, 2022",THE LIONESS,Chris Bohjalian,"In 1964, a violent kidnapping disrupts a honeymoon holiday in Tanzania for a Hollywood star and her friends.",https://storage.googleapis.com/du-prd/books/images/9780385544825.jpg
"May 29, 2022","RUN, ROSE, RUN",Dolly Parton and James Patterson,A singer-songwriter goes to Nashville seeking stardom but is followed by her dark past.,https://storage.googleapis.com/du-prd/books/images/9780759554344.jpg
"May 29, 2022",PEOPLE WE MEET ON VACATION,Emily Henry,Opposites Poppy and Alex meet to vacation together one more time in hopes of saving their relationship.,https://storage.googleapis.com/du-prd/books/images/9781984806758.jpg
"May 29, 2022",NOVEMBER 9,Colleen Hoover,Is Ben using his relationship with Fallon as fodder for his novel?,https://storage.googleapis.com/du-prd/books/images/9781501110351.jpg
"May 29, 2022",THE LOVE HYPOTHESIS,Ali Hazelwood,A young professor agrees to pretend to be a third-year Ph.D. candidate’s boyfriend.,https://storage.googleapis.com/du-prd/books/images/9780593336823.jpg
"May 22, 2022",BOOK LOVERS,Emily Henry,"While on vacation in North Carolina, a literary agent keeps running into an editor.",https://storage.googleapis.com/du-prd/books/images/9780593334836.jpg
"May 22, 2022",22 SECONDS,James Patterson and Maxine Paetro,The 22nd book in the Women’s Murder Club series. Lindsay Boxer returns as word gets around about a shipment of drugs and weapons.,https://storage.googleapis.com/du-prd/books/images/9780316499378.jpg
"May 22, 2022",IT ENDS WITH US,Colleen Hoover,A battered wife raised in a violent home attempts to halt the cycle of abuse.,https://storage.googleapis.com/du-prd/books/images/9781501110375.jpg
"May 22, 2022",WHERE THE CRAWDADS SING,Delia Owens,"In a quiet town on the North Carolina coast in 1969, a young woman who survived alone in the marsh becomes a murder suspect.",https://storage.googleapis.com/du-prd/books/images/9780735219090.jpg
"May 22, 2022",VERITY,Colleen Hoover,Lowen Ashleigh is hired by the husband of an injured writer to complete her popular series and uncovers a horrifying truth.,https://storage.googleapis.com/du-prd/books/images/9781791392796.jpg
"May 22, 2022",THE SEVEN HUSBANDS OF EVELYN HUGO,Taylor Jenkins Reid,A movie icon recounts stories of her loves and career to a struggling magazine writer.,https://storage.googleapis.com/du-prd/books/images/9781501161933.jpg
"May 22, 2022",BOOK OF NIGHT,Holly Black,"A bartender working at a Berkshires dive bar deals with doppelgängers, billionaires and magicians seeking a vast and terrible power.",https://storage.googleapis.com/du-prd/books/images/9781250812193.jpg
"May 22, 2022",THE HOMEWRECKERS,Mary Kay Andrews,A widow starring in a beach house renovation reality show gets caught up in competing love interests and an old missing persons case.,https://storage.googleapis.com/du-prd/books/images/9781250278364.jpg
"May 22, 2022",DREAM TOWN,David Baldacci,"The third book in the Archer series. Archer, Dash and Callahan search for a missing screenwriter who had a dead body turn up in her home.",https://storage.googleapis.com/du-prd/books/images/9781538719770.jpg
"May 22, 2022","RUN, ROSE, RUN",Dolly Parton and James Patterson,A singer-songwriter goes to Nashville seeking stardom but is followed by her dark past.,https://storage.googleapis.com/du-prd/books/images/9780759554344.jpg
"May 22, 2022",UGLY LOVE,Colleen Hoover,"Tate Collins and Miles Archer, an airline pilot, think they can handle a no strings attached arrangement. But they can't.",https://storage.googleapis.com/du-prd/books/images/9781476753195.jpg
"May 22, 2022",BETTER OFF DEAD,Lee Child and Andrew Child,The 26th book in the Jack Reacher series. Reacher helps an F.B.I. agent look for her missing brother and takes on a foe named Dendoncker.,https://storage.googleapis.com/du-prd/books/images/9781984818508.jpg
"May 22, 2022",THE BOOK WOMAN'S DAUGHTER,Kim Michele Richardson,Honey Lovett takes over her mother’s packhorse library route and delivers books to remote areas of Appalachia.,https://storage.googleapis.com/du-prd/books/images/9781728242590.jpg
"May 22, 2022",THE INVESTIGATOR,John Sandford,"Letty Davenport, the adopted daughter of Lucas Davenport, looks into oil thefts in Texas.",https://storage.googleapis.com/du-prd/books/images/9780593328682.jpg
"May 22, 2022",PEOPLE WE MEET ON VACATION,Emily Henry,Opposites Poppy and Alex meet to vacation together one more time in hopes of saving their relationship.,https://storage.googleapis.com/du-prd/books/images/9781984806758.jpg
"May 15, 2022",IT ENDS WITH US,Colleen Hoover,A battered wife raised in a violent home attempts to halt the cycle of abuse.,https://storage.googleapis.com/du-prd/books/images/9781501110375.jpg
"May 15, 2022",DREAM TOWN,David Baldacci,"The third book in the Archer series. Archer, Dash and Callahan search for a missing screenwriter who had a dead body turn up in her home.",https://storage.googleapis.com/du-prd/books/images/9781538719770.jpg
"May 15, 2022",CITY ON FIRE,Don Winslow,Two rival crime families that control all of New England start a war against each other.,https://storage.googleapis.com/du-prd/books/images/9780062851192.jpg
"May 15, 2022",WHERE THE CRAWDADS SING,Delia Owens,"In a quiet town on the North Carolina coast in 1969, a young woman who survived alone in the marsh becomes a murder suspect.",https://storage.googleapis.com/du-prd/books/images/9780735219090.jpg
"May 15, 2022",VERITY,Colleen Hoover,Lowen Ashleigh is hired by the husband of an injured writer to complete her popular series and uncovers a horrifying truth.,https://storage.googleapis.com/du-prd/books/images/9781791392796.jpg
"May 15, 2022",THE SEVEN HUSBANDS OF EVELYN HUGO,Taylor Jenkins Reid,A movie icon recounts stories of her loves and career to a struggling magazine writer.,https://storage.googleapis.com/du-prd/books/images/9781501161933.jpg
"May 15, 2022",SHADOW FIRE,Christine Feehan,The seventh book in the Shadow Riders series. Elie Archambault decides to marry a woman he has never met.,https://storage.googleapis.com/du-prd/books/images/9780593439128.jpg
"May 15, 2022",THE GOOD LEFT UNDONE,Adriana Trigiani,"The matriarch of the Cabrelli family, who is near the end of her life, shares her mother’s love story with her family.",https://storage.googleapis.com/du-prd/books/images/9780593183328.jpg
"May 15, 2022","RUN, ROSE, RUN",Dolly Parton and James Patterson,A singer-songwriter goes to Nashville seeking stardom but is followed by her dark past.,https://storage.googleapis.com/du-prd/books/images/9780759554344.jpg
"May 15, 2022",THE INVESTIGATOR,John Sandford,"Letty Davenport, the adopted daughter of Lucas Davenport, looks into oil thefts in Texas.",https://storage.googleapis.com/du-prd/books/images/9780593328682.jpg
"May 15, 2022",UGLY LOVE,Colleen Hoover,"Tate Collins and Miles Archer, an airline pilot, think they can handle a no strings attached arrangement. But they can't.",https://storage.googleapis.com/du-prd/books/images/9781476753195.jpg
"May 15, 2022",BETTER OFF DEAD,Lee Child and Andrew Child,The 26th book in the Jack Reacher series. Reacher helps an F.B.I. agent look for her missing brother and takes on a foe named Dendoncker.,https://storage.googleapis.com/du-prd/books/images/9781984818508.jpg
"May 15, 2022",SEA OF TRANQUILITY,Emily St. John Mandel,A detective investigating in the wilderness discovers that his actions might affect the timeline of the universe.,https://storage.googleapis.com/du-prd/books/images/9780593321447.jpg
"May 15, 2022",NOVEMBER 9,Colleen Hoover,Is Ben using his relationship with Fallon as fodder for his novel?,https://storage.googleapis.com/du-prd/books/images/9781501110351.jpg
"May 15, 2022",THE PARIS APARTMENT,Lucy Foley,Jess has suspicions about her half-brother’s neighbors when he goes missing.,https://storage.googleapis.com/du-prd/books/images/9780063003057.jpg
"May 8, 2022",DREAM TOWN,David Baldacci,"The third book in the Archer series. Archer, Dash and Callahan search for a missing screenwriter who had a dead body turn up in her home.",https://storage.googleapis.com/du-prd/books/images/9781538719770.jpg
"May 8, 2022",BEAUTIFUL,Danielle Steel,A supermodel deals with the effects of a terror attack at an airport in Brussels on her life and appearance.,https://storage.googleapis.com/du-prd/books/images/9781984821645.jpg
"May 8, 2022",IT ENDS WITH US,Colleen Hoover,A battered wife raised in a violent home attempts to halt the cycle of abuse.,https://storage.googleapis.com/du-prd/books/images/9781501110375.jpg
"May 8, 2022",THE SEVEN HUSBANDS OF EVELYN HUGO,Taylor Jenkins Reid,A movie icon recounts stories of her loves and career to a struggling magazine writer.,https://storage.googleapis.com/du-prd/books/images/9781501161933.jpg
"May 8, 2022",WHERE THE CRAWDADS SING,Delia Owens,"In a quiet town on the North Carolina coast in 1969, a young woman who survived alone in the marsh becomes a murder suspect.",https://storage.googleapis.com/du-prd/books/images/9780735219090.jpg
"May 8, 2022",KINGDOM OF BONES,James Rollins,The 16th book in the Sigma Force series. An unknown force is putting people in a catatonic state in a village in the Congo.,https://storage.googleapis.com/du-prd/books/images/9780062892980.jpg
"May 8, 2022",VERITY,Colleen Hoover,Lowen Ashleigh is hired by the husband of an injured writer to complete her popular series and uncovers a horrifying truth.,https://storage.googleapis.com/du-prd/books/images/9781791392796.jpg
"May 8, 2022",DEATH OF THE BLACK WIDOW,James Patterson and J.D. Barker,Detective Walter O’Brien is obsessed with an escape artist who bludgeoned her kidnapper and avoided police custody.,https://storage.googleapis.com/du-prd/books/images/9781538753095.jpg
"May 8, 2022",THE INVESTIGATOR,John Sandford,"Letty Davenport, the adopted daughter of Lucas Davenport, looks into oil thefts in Texas.",https://storage.googleapis.com/du-prd/books/images/9780593328682.jpg
"May 8, 2022","RUN, ROSE, RUN",Dolly Parton and James Patterson,A singer-songwriter goes to Nashville seeking stardom but is followed by her dark past.,https://storage.googleapis.com/du-prd/books/images/9780759554344.jpg
"May 8, 2022",UGLY LOVE,Colleen Hoover,"Tate Collins and Miles Archer, an airline pilot, think they can handle a no strings attached arrangement. But they can't.",https://storage.googleapis.com/du-prd/books/images/9781476753195.jpg
"May 8, 2022",SEA OF TRANQUILITY,Emily St. John Mandel,A detective investigating in the wilderness discovers that his actions might affect the timeline of the universe.,https://storage.googleapis.com/du-prd/books/images/9780593321447.jpg
"May 8, 2022",PART OF YOUR WORLD,Abby Jimenez,A city doctor must choose between her family’s wishes of becoming a world-renowned surgeon or having a life with a ridiculously hot carpenter.,https://storage.googleapis.com/du-prd/books/images/9781538704370.jpg
"May 8, 2022",THE PARIS APARTMENT,Lucy Foley,Jess has suspicions about her half-brother’s neighbors when he goes missing.,https://storage.googleapis.com/du-prd/books/images/9780063003057.jpg
"May 8, 2022",WHAT HAPPENED TO THE BENNETTS,Lisa Scottoline,A brush with members of a drug-trafficking organization ushers a suburban family to go into the witness protection program.,https://storage.googleapis.com/du-prd/books/images/9780525539674.jpg
